app_name,review
The Witcher 3: Wild Hunt,"ğŸ
ğŸâ€™[h1] [b]â€˜å®˜æ–¹å¥–åŠ±å…è´¹æ´»åŠ¨é“¾æ¥:â†’  https://usnhskhf.work/  
é€‚åº¦æ¸¸æˆç›Šè„‘ æ²‰è¿·æ¸¸æˆä¼¤èº« [/b] [/h1]
'-.............................................
-.............................................
-.............................................
ç¬¬ä¸€äººç§°å°„å‡»ï¼Œç¾æœ¯é£æ ¼è·Ÿæ¼«ç”»å¼çš„è¿‡åœºè®©äººçœ¼å‰ä¸€äº®ï¼Œæ—ç™½çœ‹ç€ä¹ŸæŒºæœ‰æ„æ€ï¼Œä½†ä¹Ÿå°±ä»…æ­¤è€Œå·²ï¼Œå®é™…ç©èµ·æ¥å¹¶æƒ³è±¡ä¸­çš„å¥½ç©ã€‚æ¸¸æˆä¸­ç©å®¶æ ¹æ®ç»™å‡ºçš„ä»»åŠ¡ç›®æ ‡ï¼Œæ§åˆ¶å¥½ç‡ƒæ–™ä¸é£Ÿç‰©èµ„æºå¹¶ç§»åŠ¨åˆ°ä»»åŠ¡ç›®æ ‡æ‰€åœ¨é£èˆ¹ä¸Šå¼€å§‹æœç´¢ï¼ŒåŒæ—¶è·å–å…¶ä»–çš„ææ–™èµ„æºæ¥æ‰“é€ æ­¦å™¨ç­‰è£…å¤‡ï¼Œä¹Ÿå°±æ˜¯æ¡åƒåœ¾çš„éƒ¨åˆ†äº†ã€‚

ä¹‹æ‰€ä»¥è¯´æƒ³è±¡ä¸­çš„å¥½ç©ï¼Œä¸»è¦æ˜¯FPSæ–¹é¢å®åœ¨ä¸€ç‚¹éƒ½ä¸çˆ½ï¼Œå°„å‡»æ‰‹æ„Ÿä¹Ÿä¸å¤ªå¥½ï¼Œå•çº¯æ˜¯æ¡åƒåœ¾çš„è¯å¾ˆå®¹æ˜“ç”Ÿè…»ã€‚å½“ç„¶ä¸­é€”è§‰å¾—è…»äº†ï¼Œä½ ä¹Ÿå¯ä»¥é€‰æ‹©å½“è·‘é…·å…šï¼Œä¸€ä¸Šæ¥å°±å»èˆ°æ¡¥ä¸‹è½½åœ°å›¾ï¼Œç„¶åç›´æ¥å†²ç€ç›®æ ‡é›¶ä»¶å»å°±è¡Œï¼Œå¦‚æœé€‰æ‹©å…¨æœçš„è¯å°±å¤ªæµªè´¹æ—¶é—´äº†ï¼Œä»…é€‚åˆçƒ­è¡·äºæ¡åƒåœ¾çš„ç©å®¶ã€‚

æ¸¸æˆå“è´¨æ˜¯æ²¡æœ‰å¤ªå¤§é—®é¢˜ï¼Œä¸è¿‡è¦è¯´æœ€å½±å“æ¸¸æˆä½“éªŒçš„è¯ï¼Œè¿˜æ˜¯è·¯ç—´DEBUFFï¼ŒçœŸçš„æ˜¯æ¶å¿ƒäººã€‚è¯´æ˜¯æœ‰25%æœºç‡ç§»åŠ¨åˆ°é”™è¯¯çš„åœ°æ–¹ï¼Œä½†æ˜¯æ¯æ¬¡éƒ½æ˜¯ç­‰åˆ°æˆ‘ç§»åŠ¨åˆ°æœ‰ä»»åŠ¡ç›®æ ‡çš„é£èˆ¹ä¸Šæ—¶è§¦å‘ï¼Œè¿˜ä¸æ˜¯ä¸€ä¸¤æ¬¡è€Œæ˜¯è¿ç€å››äº”æ¬¡ï¼Œæœ¬èº«é£Ÿç‰©è·Ÿç‡ƒæ–™éƒ½æ˜¯è¶³å¤Ÿçš„ï¼Œè¿™æ ·ä¸€æä¸‹æ¥å°±å…¨éƒ½æ¶ˆè€—å®Œäº†ï¼Œåªèƒ½è¢«è¿«ç™»é™†åˆ°é£èˆ¹ä¸Šæ¡åƒåœ¾ã€‚

å¦‚æœåˆ¶ä½œç»„æ˜¯æƒ³é€šè¿‡è¿™ç§æ¶å¿ƒäººçš„DEBUFFæ¥å¼ºè¡Œå¢åŠ ç©å®¶çš„æ¸¸ç©æ—¶é—´ï¼Œé‚£ä¹ˆåªä¼šé€‚å¾—å…¶åï¼Œæ¸¸æˆæ¯”è¾ƒç‹¬ç‰¹çš„ç¾æœ¯é£æ ¼ä¹Ÿéš¾ä»¥æŒ½æ•‘è¿‡äºé‡å¤çš„åœºæ™¯è®¾è®¡ï¼Œæœ¬èº«FPSæ‰“å¾—ä¹Ÿä¸æ˜¯é‚£ä¹ˆçˆ½ï¼Œæ¡åƒåœ¾æ¡ç€æ¡ç€ç‰¹åˆ«çƒ¦èºï¼ŒåŠ ä¸ŠéŸ³ä¹å¬å¤šäº†ä¹Ÿå¾ˆçƒ¦ï¼Œç©åˆ°ä¸­é€”å°±ç›´æ¥å¼€ç€å¤–ç½®éŸ³ä¹æ¥é™ä½çƒ¦èºæ„Ÿäº†ã€‚ä½ å†æä¸ªè¿™ä¹ˆæ¶å¿ƒäººçš„DEBUFFï¼Œè¦æ˜¯æœºç‡çœŸåƒæ•°å­—æ ‡ç€å€’è¿˜å¥½ï¼Œé‡åˆ°äº†åªèƒ½è¯´è„¸é»‘ï¼Œè¿ç€äº”æ¬¡éƒ½è¿™æ ·æˆ‘åªæƒ³å¯¹ç€åˆ¶ä½œäººä¸€æ‹³è¶…äººã€‚

å¦å¤–æé†’ä¸€ä¸‹æ„Ÿå…´è¶£ä¸”å‡†å¤‡å…¥æ‰‹çš„ç©å®¶ï¼Œä¸­é€”æ‰“äº†ä¸€å®šè¿›åº¦çš„æ—¶å€™åƒä¸‡ä¸è¦å†åœ¨ä¸»èœå•ç‚¹æ–°æ¸¸æˆï¼Œç‰¹å–µç›´æ¥æ˜¯æŠŠæ•´ä¸ªè¿›ç¨‹ç»™é‡ç½®äº†ï¼Œè¿˜ä»¥ä¸ºæ˜¯æ¢æ‰å½“è½®æ¸¸ç©çš„äººç‰©é‡æ–°æ¸¸ç©ï¼Œæ‰€ä»¥åƒä¸‡åˆ«æ‰‹è´±XDå¯æƒœçš„æ˜¯æ¸¸æˆå¹¶ä¸æ”¯æŒå¤šäººï¼Œè¦æ˜¯å¤šäººè”æœºæ¡åƒåœ¾æ‰“æ‰“æ€ªï¼Œæ¸¸æˆé‡å¤æ€§è¿‡é«˜çš„é—®é¢˜ä¼°è®¡ä¹Ÿä¸ä¼šè¢«é‚£ä¹ˆå¤šç©å®¶åæ§½äº†ã€‚"
The Witcher 3: Wild Hunt,å¯»è·¯åŠŸèƒ½çœŸçš„æœ‰ç‚¹é˜´é—´ï¼Œæ€»ä½“ä¸Šè®²è¿˜æ˜¯å¾ˆä¸é”™çš„æ¸¸æˆ
The Witcher 3: Wild Hunt,Se um dia alguÃ©m falar que esse jogo Ã© ruim na minha frente eu juro que bato na pessoa.
The Witcher 3: Wild Hunt,ä¸ç©æ­¤ç”Ÿé—æ†¾ï¼ŒRPGæ¸¸æˆé‡Œçš„å¤©èŠ±æ¿ï¼Œå¤ªå¸å¼•äººäº†
The Witcher 3: Wild Hunt,æ‹”DIAOæ— æƒ…æ‰“æ¡©æœº--æ°æ´›ç‰¹!!!
The Witcher 3: Wild Hunt,å·«å¸ˆ3NB
The Witcher 3: Wild Hunt,"One of the best RPG's of all time, worthy of any collection"
The Witcher 3: Wild Hunt,å¤§ä½œ
The Witcher 3: Wild Hunt,"good story, good graphics. lots to do."
The Witcher 3: Wild Hunt,"dis gud,"
The Witcher 3: Wild Hunt,"."
The Witcher 3: Wild Hunt,å¹´åº¦æœ€ä½³çš„ä½œå“ï¼Œæ²¡å•¥å¥½å¤¸çš„ï¼Œç¥ä½œ
The Witcher 3: Wild Hunt,great game
The Witcher 3: Wild Hunt,ç¥ä½œï¼ä¸bb
The Witcher 3: Wild Hunt,"Ğ¨Ğ¸ĞºĞ°Ñ€Ğ½Ğ°Ñ Ğ¸Ğ³Ñ€Ğ° Ñ Ğ¾Ñ‚Ğ»Ğ¸Ñ‡Ğ½Ñ‹Ğ¼ ÑÑĞ¶ĞµÑ‚Ğ¾Ğ¼, Ğ½ĞµĞ¿Ğ»Ğ¾Ñ…Ğ¾Ğ¹ Ğ³Ñ€Ğ°Ñ„Ğ¸ĞºĞ¾Ğ¹ Ğ¸ Ğ±Ğ¾Ğ»ÑŒÑˆĞ¸Ğ¼ Ğ¾Ñ‚ĞºÑ€Ñ‹Ñ‚Ñ‹Ğ¼ Ğ¼Ğ¸Ñ€Ğ¾Ğ¼. Ğ’ Ğ´Ğ¾Ğ±Ğ°Ğ²Ğ¾Ğº, Ğ¼Ğ¾Ğ¹ Ğ»ÑĞ±Ğ¸Ğ¼Ñ‹Ğ¹ Ğ¶Ğ°Ğ½Ñ€. Ğ’ÑĞµĞ¼ Ñ€ĞµĞºĞ¾Ğ¼ĞµĞ½Ğ´ÑƒÑ."
The Witcher 3: Wild Hunt,"ä»€ä¹ˆ?ä½ å„¿å­å¤±è¸ªäº†?ä»€ä¹ˆ?è¿™æ ‹æˆ¿å­é—¹é¬¼?ä»€ä¹ˆ?ä½ çŒœåˆ°æˆ‘è¦ç©\"æ¥å¥æ˜†ç‰¹ç‰Œ\"çš„æ¢—?
æŠ±æ­‰è¿™ä¸ªæ¢—æˆ‘ç©ä¸€è¾ˆå­(ç‹—å¤´)"
The Witcher 3: Wild Hunt,Ğ—Ğ°Ğ¼ĞµÑ‡Ğ°Ñ‚ĞµĞ»ÑŒĞ½Ğ°Ñ ĞºĞ°Ñ€Ñ‚Ğ¾Ñ‡Ğ½Ğ°Ñ Ğ¸Ğ³Ñ€Ğ° Ğ² Ğ°Ğ½Ñ‚ÑƒÑ€Ğ°Ğ¶Ğµ Ñ„ÑĞ½Ñ‚ĞµĞ·Ğ¸-Ñ€Ğ¿Ğ³)
The Witcher 3: Wild Hunt,ê°€ì„±ë¹„ ì§±
The Witcher 3: Wild Hunt,"The witcher 3 es un gran juego RPG, permite gran variedad de decisiones que afectan el rumbo de la historia. Ofrece una gran cantidad de horas de juego, en mi caso 60 horas solo la campaÃ±a principal junto con algunos contratos de brujo y secundarias (muy pocas), aÃºn me faltan los dlcÂ´s. En conclusiÃ³n, si quieres un juego largo, entretenido y con una buena historia, es una muy buena compra."
The Witcher 3: Wild Hunt,å½“ä½ ç©è¿›å»ä¹‹åï¼Œä¸€åˆ‡éƒ½é¡ºç†æˆç« äº†èµ·æ¥
The Witcher 3: Wild Hunt,å‰‘èˆå¤©ä¸‹æ— æ•Œï¼ï¼
The Witcher 3: Wild Hunt,favorite game of all time cant wait for the NexGen Versiion
The Witcher 3: Wild Hunt,æ‰“æ¡©
The Witcher 3: Wild Hunt,Why wouldn't you get this
The Witcher 3: Wild Hunt,"it is ok"
The Witcher 3: Wild Hunt,"worth"
The Witcher 3: Wild Hunt,Isn't Geralt hot enough to get both Yennefer and Triss ? I guess I watched too much harem anime...
The Witcher 3: Wild Hunt,"Very Fun, Would play again!"
The Witcher 3: Wild Hunt,NICE GAME
The Witcher 3: Wild Hunt,"MÃ¡s optimizado que el 2, me corre en una Laptop gama media.

Si tienes novia o trabajo, cuidado, te meteras en el juego dÃ­as y dÃ­as, no podras salir del juego, es demasiado inmersivo.

y lo peor, cuando te des cuenta, notaras que solo llevaras el 2% del juego.

es hermoso"
The Witcher 3: Wild Hunt,"bom demais"
